canonical_name,display_name,city,country,country_code,region,latitude,longitude,aliases
Barcelona,"Barcelona, Spain",Barcelona,Spain,ES,Mediterranean,41.3584,2.1686,
Tarragona,"Tarragona, Spain",Tarragona,Spain,ES,Mediterranean,41.1118,1.2536,Barcelona (Tarragona)|Barcelona (Tarragona), Spain
Valencia,"Valencia, Spain",Valencia,Spain,ES,Mediterranean,39.4481,-0.3167,
Alicante,"Alicante, Spain",Alicante,Spain,ES,Mediterranean,38.3381,-0.4808,
Cartagena,"Cartagena, Spain",Cartagena,Spain,ES,Mediterranean,37.5968,-0.9803,Cartagena Spain
Malaga,"Málaga, Spain",Málaga,Spain,ES,Mediterranean,36.7134,-4.42,Malaga
Cadiz,"Cádiz, Spain",Cádiz,Spain,ES,Atlantic Europe,36.5336,-6.2922,Cadiz|Seville
Gibraltar,Gibraltar,Gibraltar,Gibraltar,GI,Mediterranean,36.1408,-5.3536,
Palma de Mallorca,"Palma de Mallorca, Spain",Palma,Spain,ES,Mediterranean,39.5546,2.6258,Palma|Mallorca
Ibiza,"Ibiza, Spain",Ibiza Town,Spain,ES,Mediterranean,38.9067,1.4206,Eivissa
Mahon,"Mahón, Spain",Mahón,Spain,ES,Mediterranean,39.8896,4.2658,Mahón|Menorca
Marseille,"Marseille, France",Marseille,France,FR,Mediterranean,43.3037,5.3654,
Toulon,"Toulon, France",Toulon,France,FR,Mediterranean,43.1208,5.9286,
Cannes,"Cannes, France",Cannes,France,FR,Mediterranean,43.5513,7.0128,
Villefranche-sur-Mer,"Villefranche-sur-Mer (Nice), France",Villefranche-sur-Mer,France,FR,Mediterranean,43.7034,7.3109,Nice|Villefranche
Monaco,"Monte Carlo, Monaco",Monaco,Monaco,MC,Mediterranean,43.7347,7.4206,Monte Carlo
Ajaccio,"Ajaccio, Corsica",Ajaccio,France,FR,Mediterranean,41.9192,8.7386,Corsica
Bastia,"Bastia, Corsica",Bastia,France,FR,Mediterranean,42.7028,9.4509,Corsica
Civitavecchia,"Civitavecchia (Rome), Italy",Civitavecchia,Italy,IT,Mediterranean,42.093,11.79,Rome|Roma|Civitavecchia Rome
Livorno,"Livorno (Florence/Pisa), Italy",Livorno,Italy,IT,Mediterranean,43.5485,10.301,Florence|Pisa|Tuscany
La Spezia,"La Spezia (Cinque Terre), Italy",La Spezia,Italy,IT,Mediterranean,44.1025,9.8241,Cinque Terre|Florence
Genoa,"Genoa, Italy",Genoa,Italy,IT,Mediterranean,44.4084,8.9322,Genova
Savona,"Savona, Italy",Savona,Italy,IT,Mediterranean,44.3091,8.4772,
Naples,"Naples, Italy",Naples,Italy,IT,Mediterranean,40.84,14.255,Napoli|Pompeii|Capri
Salerno,"Salerno (Amalfi Coast), Italy",Salerno,Italy,IT,Mediterranean,40.672,14.7681,Amalfi Coast|Pompeii
Messina,"Messina, Sicily",Messina,Italy,IT,Mediterranean,38.1938,15.556,Sicily|Taormina
Palermo,"Palermo, Sicily",Palermo,Italy,IT,Mediterranean,38.126,13.3698,Sicily
Catania,"Catania, Sicily",Catania,Italy,IT,Mediterranean,37.4996,15.0893,Sicily|Mount Etna
Syracuse,"Syracuse, Sicily",Syracuse,Italy,IT,Mediterranean,37.063,15.29,Siracusa|Sicily
Cagliari,"Cagliari, Sardinia",Cagliari,Italy,IT,Mediterranean,39.2109,9.1156,Sardinia
Olbia,"Olbia, Sardinia",Olbia,Italy,IT,Mediterranean,40.9236,9.5016,Sardinia|Costa Smeralda
Venice,"Venice, Italy",Venice,Italy,IT,Adriatic,45.432,12.3378,Venezia|Marghera
Trieste,"Trieste, Italy",Trieste,Italy,IT,Adriatic,45.6495,13.7768,Venice (Trieste)|Venice (Trieste), Italy
Ravenna,"Ravenna, Italy",Ravenna,Italy,IT,Adriatic,44.4938,12.2828,Porto Corsini|Venice (Ravenna)|Venice (Ravenna), Italy
Koper,"Koper, Slovenia",Koper,Slovenia,SI,Adriatic,45.5481,13.7302,
Zadar,"Zadar, Croatia",Zadar,Croatia,HR,Adriatic,44.1149,15.2247,
Sarande,"Sarandë, Albania",Sarandë,Albania,AL,Mediterranean,39.873,20.005,Saranda|Butrint
Corfu,"Corfu, Greece",Corfu,Greece,GR,Mediterranean,39.6278,19.904,Kerkyra
Katakolon,"Katakolon (Olympia), Greece",Katakolon,Greece,GR,Mediterranean,37.6466,21.318,Olympia
Limassol,"Limassol, Cyprus",Limassol,Cyprus,CY,Eastern Mediterranean,34.658,33.04,Lemesos
Larnaca,"Larnaca, Cyprus",Larnaca,Cyprus,CY,Eastern Mediterranean,34.916,33.64,
Haifa,"Haifa, Israel",Haifa,Israel,IL,Eastern Mediterranean,32.8184,34.9984,Jerusalem
Ashdod,"Ashdod (Jerusalem), Israel",Ashdod,Israel,IL,Eastern Mediterranean,31.804,34.643,Jerusalem
Tangier,"Tangier, Morocco",Tangier,Morocco,MA,Atlantic Europe,35.789,-5.806,Tanger
Casablanca,"Casablanca, Morocco",Casablanca,Morocco,MA,Atlantic Europe,33.604,-7.616,Marrakesh
Agadir,"Agadir, Morocco",Agadir,Morocco,MA,Atlantic Europe,30.4278,-9.6117,
Funchal,"Funchal, Madeira",Funchal,Portugal,PT,Atlantic Islands,32.6425,-16.909,Madeira
Ponta Delgada,"Ponta Delgada, Azores",Ponta Delgada,Portugal,PT,Atlantic Islands,37.739,-25.662,Azores
Southampton,"Southampton, England",Southampton,United Kingdom,GB,Northern Europe,50.8998,-1.4044,London
Dover,"Dover, England",Dover,United Kingdom,GB,Northern Europe,51.125,1.313,London
Portsmouth,"Portsmouth, England",Portsmouth,United Kingdom,GB,Northern Europe,50.8037,-1.087,
Tilbury,"Tilbury (London), England",Tilbury,United Kingdom,GB,Northern Europe,51.458,0.355,London
Liverpool,"Liverpool, England",Liverpool,United Kingdom,GB,Northern Europe,53.406,-2.999,
Newcastle upon Tyne,"Newcastle, England",Newcastle upon Tyne,United Kingdom,GB,Northern Europe,54.983,-1.571,Port of Tyne
Edinburgh,"Edinburgh (South Queensferry), Scotland",South Queensferry,United Kingdom,GB,Northern Europe,55.99,-3.395,Edinburgh|Leith|South Queensferry
Greenock,"Greenock (Glasgow), Scotland",Greenock,United Kingdom,GB,Northern Europe,55.948,-4.761,Glasgow
Belfast,"Belfast, Northern Ireland",Belfast,United Kingdom,GB,Northern Europe,54.617,-5.9,
Dublin,"Dublin, Ireland",Dublin,Ireland,IE,Northern Europe,53.347,-6.195,
Cobh,"Cobh (Cork), Ireland",Cobh,Ireland,IE,Northern Europe,51.849,-8.297,Cork
Galway,"Galway, Ireland",Galway,Ireland,IE,Northern Europe,53.27,-9.054,
Amsterdam,"Amsterdam, Netherlands",Amsterdam,Netherlands,NL,Northern Europe,52.391,4.906,IJmuiden
Kiel,"Kiel, Germany",Kiel,Germany,DE,Baltic,54.323,10.14,
Warnemunde,"Warnemünde (Berlin), Germany",Warnemünde,Germany,DE,Baltic,54.18,12.09,Rostock|Berlin|Warnemunde
Copenhagen,"Copenhagen, Denmark",Copenhagen,Denmark,DK,Baltic,55.704,12.599,Kobenhavn
Aarhus,"Aarhus, Denmark",Aarhus,Denmark,DK,Baltic,56.154,10.214,
Oslo,"Oslo, Norway",Oslo,Norway,NO,Norwegian Fjords,59.907,10.741,
Kristiansand,"Kristiansand, Norway",Kristiansand,Norway,NO,Norwegian Fjords,58.144,8.0,
Stavanger,"Stavanger, Norway",Stavanger,Norway,NO,Norwegian Fjords,58.97,5.731,
Bergen,"Bergen, Norway",Bergen,Norway,NO,Norwegian Fjords,60.397,5.313,
Flam,"Flåm, Norway",Flåm,Norway,NO,Norwegian Fjords,60.863,7.114,Flam
Geiranger,"Geiranger, Norway",Geiranger,Norway,NO,Norwegian Fjords,62.101,7.207,
Alesund,"Ålesund, Norway",Ålesund,Norway,NO,Norwegian Fjords,62.472,6.154,Alesund
Tromso,"Tromsø, Norway",Tromsø,Norway,NO,Arctic,69.649,18.956,Tromso
Honningsvag,"Honningsvåg (North Cape), Norway",Honningsvåg,Norway,NO,Arctic,70.982,25.97,North Cape|Honningsvag
Longyearbyen,"Longyearbyen, Svalbard",Longyearbyen,Norway,NO,Arctic,78.246,15.627,Svalbard|Spitsbergen
Stockholm,"Stockholm, Sweden",Stockholm,Sweden,SE,Baltic,59.329,18.068,Nynashamn
Helsinki,"Helsinki, Finland",Helsinki,Finland,FI,Baltic,60.168,24.953,
Tallinn,"Tallinn, Estonia",Tallinn,Estonia,EE,Baltic,59.447,24.768,
Reykjavik,"Reykjavík, Iceland",Reykjavík,Iceland,IS,Iceland,64.154,-21.935,Reykjavik
Akureyri,"Akureyri, Iceland",Akureyri,Iceland,IS,Iceland,65.683,-18.087,
Isafjordur,"Ísafjörður, Iceland",Ísafjörður,Iceland,IS,Iceland,66.074,-23.126,Isafjordur
Nuuk,"Nuuk, Greenland",Nuuk,Greenland,GL,Arctic,64.175,-51.735,Godthab
Miami,"Miami, Florida",Miami,United States,US,Caribbean,25.778,-80.179,PortMiami
Fort Lauderdale,"Fort Lauderdale (Port Everglades), Florida",Fort Lauderdale,United States,US,Caribbean,26.098,-80.123,Port Everglades
Port Canaveral,"Port Canaveral (Orlando), Florida",Cape Canaveral,United States,US,Caribbean,28.41,-80.618,Orlando|Cape Canaveral
Tampa,"Tampa, Florida",Tampa,United States,US,Caribbean,27.944,-82.445,
New Orleans,"New Orleans, Louisiana",New Orleans,United States,US,Caribbean,29.944,-90.063,
Galveston,"Galveston, Texas",Galveston,United States,US,Caribbean,29.307,-94.793,Houston
San Juan,"San Juan, Puerto Rico",San Juan,Puerto Rico,PR,Caribbean,18.466,-66.112,
Nassau,"Nassau, Bahamas",Nassau,Bahamas,BS,Bahamas,25.081,-77.343,
Freeport,"Freeport, Grand Bahama",Freeport,Bahamas,BS,Bahamas,26.528,-78.695,Grand Bahama|Grand Bahama Island|Grand Bahama Island, Bahamas
Bimini,"Bimini, Bahamas",Alice Town,Bahamas,BS,Bahamas,25.727,-79.298,Alice Town
Perfect Day at CocoCay,"Perfect Day at CocoCay, Bahamas",CocoCay,Bahamas,BS,Bahamas,25.82,-77.938,Coco Cay|Little Stirrup Cay
Road Town,"Road Town, Tortola",Road Town,British Virgin Islands,VG,Caribbean,18.422,-64.615,Tortola
St Thomas,"Charlotte Amalie, St Thomas",Charlotte Amalie,U.S. Virgin Islands,VI,Caribbean,18.338,-64.93,St Thomas|Havensight
St Croix,"St Croix, U.S. Virgin Islands",Frederiksted,U.S. Virgin Islands,VI,Caribbean,17.712,-64.883,Frederiksted|Christiansted
Philipsburg,"Philipsburg, St Maarten",Philipsburg,Sint Maarten,SX,Caribbean,18.013,-63.046,St Maarten|Saint Martin
Basseterre,"Basseterre, St Kitts",Basseterre,Saint Kitts and Nevis,KN,Caribbean,17.295,-62.723,St Kitts
St Johns Antigua,"St John’s, Antigua",St John’s,Antigua and Barbuda,AG,Caribbean,17.121,-61.844,Antigua|St Johns
Pointe-a-Pitre,"Pointe-à-Pitre, Guadeloupe",Pointe-à-Pitre,Guadeloupe,GP,Caribbean,16.241,-61.534,Guadeloupe
Roseau,"Roseau, Dominica",Roseau,Dominica,DM,Caribbean,15.296,-61.387,
Fort-de-France,"Fort-de-France, Martinique",Fort-de-France,Martinique,MQ,Caribbean,14.6,-61.069,Martinique
Castries,"Castries, St Lucia",Castries,Saint Lucia,LC,Caribbean,14.011,-60.992,St Lucia
Bridgetown,"Bridgetown, Barbados",Bridgetown,Barbados,BB,Caribbean,13.105,-59.629,
George Town,"George Town, Grand Cayman",George Town,Cayman Islands,KY,Caribbean,19.2866,-81.3745,Grand Cayman|Grand Cayman Cayman Islands|Georgetown
Kingstown,"Kingstown, St Vincent",Kingstown,Saint Vincent and the Grenadines,VC,Caribbean,13.148,-61.224,St Vincent
St Georges Grenada,"St George’s, Grenada",St George’s,Grenada,GD,Caribbean,12.052,-61.752,Grenada|St Georges
Willemstad,"Willemstad, Curaçao",Willemstad,Curaçao,CW,Caribbean,12.109,-68.934,Curacao
Oranjestad,"Oranjestad, Aruba",Oranjestad,Aruba,AW,Caribbean,12.518,-70.037,Aruba
Kralendijk,"Kralendijk, Bonaire",Kralendijk,Caribbean Netherlands,BQ,Caribbean,12.151,-68.278,Bonaire
Ocho Rios,"Ocho Rios, Jamaica",Ocho Rios,Jamaica,JM,Caribbean,18.407,-77.105,
Hamilton,"Hamilton, Bermuda",Hamilton,Bermuda,BM,Atlantic Islands,32.294,-64.783,
Vancouver,"Vancouver, Canada",Vancouver,Canada,CA,Alaska,49.288,-123.111,Canada Place
Victoria BC,"Victoria, British Columbia",Victoria,Canada,CA,Alaska,48.422,-123.369,Ogden Point
Seattle,"Seattle, Washington",Seattle,United States,US,Alaska,47.603,-122.339,
San Francisco,"San Francisco, California",San Francisco,United States,US,North America Pacific,37.806,-122.405,
Los Angeles,"Los Angeles (San Pedro), California",San Pedro,United States,US,North America Pacific,33.748,-118.276,San Pedro|Los Angeles
Long Beach,"Long Beach, California",Long Beach,United States,US,North America Pacific,33.754,-118.216,Los Angeles
Ensenada,"Ensenada, Mexico",Ensenada,Mexico,MX,Mexican Riviera,31.856,-116.626,
Darwin,"Darwin, Northern Territory, Australia",Darwin,Australia,AU,Northern Territory,-12.4634,130.8444,Darwin NT|Darwin Northern Territory|Darwin Australia
Picton,"Picton, Marlborough, New Zealand",Picton,New Zealand,NZ,Marlborough,-41.2901,174.004,Picton Marlborough|Picton New Zealand|Queen Charlotte Sound
Prince Rupert,"Prince Rupert, British Columbia, Canada",Prince Rupert,Canada,CA,British Columbia,54.315,-130.3209,Prince Rupert BC|Prince Rupert Canada
Costa Maya,"Costa Maya, Mexico",Mahahual,Mexico,MX,Caribbean,18.713,-87.709,Mahahual|Costa Maya Mexico
Cabo San Lucas,"Cabo San Lucas, Mexico",Cabo San Lucas,Mexico,MX,Mexican Riviera,22.884,-109.91,Los Cabos
Mazatlan,"Mazatlán, Mexico",Mazatlán,Mexico,MX,Mexican Riviera,23.196,-106.421,Mazatlan
Puerto Vallarta,"Puerto Vallarta, Mexico",Puerto Vallarta,Mexico,MX,Mexican Riviera,20.653,-105.244,
Honolulu,"Honolulu, Hawaii",Honolulu,United States,US,Hawaii,21.306,-157.865,Oahu
Kahului,"Kahului, Maui",Kahului,United States,US,Hawaii,20.895,-156.472,Maui
Nawiliwili,"Nawiliwili, Kauai",Lihue,United States,US,Hawaii,21.955,-159.356,Kauai|Lihue
Hilo,"Hilo, Hawaii",Hilo,United States,US,Hawaii,19.73,-155.055,Big Island
Ketchikan,"Ketchikan, Alaska",Ketchikan,United States,US,Alaska,55.342,-131.646,Ketchikan (Ward Cove)|Ketchikan (Ward Cove), Alaska|Ward Cove
Sitka,"Sitka, Alaska",Sitka,United States,US,Alaska,57.053,-135.331,
Juneau,"Juneau, Alaska",Juneau,United States,US,Alaska,58.298,-134.42,
Skagway,"Skagway, Alaska",Skagway,United States,US,Alaska,59.45,-135.327,
Icy Strait Point,"Icy Strait Point, Alaska",Hoonah,United States,US,Alaska,58.129,-135.461,Hoonah
Haines,"Haines, Alaska",Haines,United States,US,Alaska,59.235,-135.445,
Seward,"Seward, Alaska",Seward,United States,US,Alaska,60.119,-149.437,Anchorage
New York,"New York, New York",New York,United States,US,North America Atlantic,40.768,-74.014,Manhattan|Brooklyn
Boston,"Boston, Massachusetts",Boston,United States,US,North America Atlantic,42.344,-71.029,
Baltimore,"Baltimore, Maryland",Baltimore,United States,US,North America Atlantic,39.266,-76.584,Washington DC
Norfolk,"Norfolk, Virginia",Norfolk,United States,US,North America Atlantic,36.85,-76.291,
Quebec City,"Québec City, Canada",Québec City,Canada,CA,Canada New England,46.817,-71.202,Quebec
Montreal,"Montréal, Canada",Montréal,Canada,CA,Canada New England,45.504,-73.552,Montreal
Halifax,"Halifax, Nova Scotia",Halifax,Canada,CA,Canada New England,44.645,-63.569,
Sydney Nova Scotia,"Sydney, Nova Scotia",Sydney,Canada,CA,Canada New England,46.141,-60.194,Cape Breton
Charlottetown,"Charlottetown, Prince Edward Island",Charlottetown,Canada,CA,Canada New England,46.234,-63.121,PEI
Saint John,"Saint John, New Brunswick",Saint John,Canada,CA,Canada New England,45.272,-66.063,Bay of Fundy
St Johns Newfoundland,"St John’s, Newfoundland",St John’s,Canada,CA,Canada New England,47.565,-52.706,Newfoundland|St Johns
Rio de Janeiro,"Rio de Janeiro, Brazil",Rio de Janeiro,Brazil,BR,South America,-22.897,-43.181,Rio
Santos,"Santos (São Paulo), Brazil",Santos,Brazil,BR,South America,-23.96,-46.333,Sao Paulo|São Paulo
Ilhabela,"Ilhabela, Brazil",Ilhabela,Brazil,BR,South America,-23.779,-45.358,
Salvador,"Salvador da Bahia, Brazil",Salvador,Brazil,BR,South America,-12.971,-38.512,Bahia
Recife,"Recife, Brazil",Recife,Brazil,BR,South America,-8.056,-34.87,
Buenos Aires,"Buenos Aires, Argentina",Buenos Aires,Argentina,AR,South America,-34.584,-58.368,
Montevideo,"Montevideo, Uruguay",Montevideo,Uruguay,UY,South America,-34.905,-56.209,
Punta del Este,"Punta del Este, Uruguay",Punta del Este,Uruguay,UY,South America,-34.966,-54.951,
Puerto Madryn,"Puerto Madryn, Argentina",Puerto Madryn,Argentina,AR,South America,-42.769,-65.031,Patagonia
Ushuaia,"Ushuaia, Argentina",Ushuaia,Argentina,AR,Antarctica Gateway,-54.807,-68.303,Tierra del Fuego|Antarctica
Punta Arenas,"Punta Arenas, Chile",Punta Arenas,Chile,CL,Antarctica Gateway,-53.164,-70.907,Patagonia|Antarctica
Puerto Chacabuco,"Puerto Chacabuco, Chile",Puerto Chacabuco,Chile,CL,South America,-45.464,-72.821,Aysen
Puerto Montt,"Puerto Montt, Chile",Puerto Montt,Chile,CL,South America,-41.486,-72.958,
Valparaiso,"Valparaíso (Santiago), Chile",Valparaíso,Chile,CL,South America,-33.037,-71.628,Santiago Valparaiso|Valparaiso Santiago
Puerto Baquerizo Moreno,"San Cristóbal, Galápagos",Puerto Baquerizo Moreno,Ecuador,EC,Galapagos,-0.901,-89.613,San Cristobal|Galapagos
Puerto Ayora,"Santa Cruz, Galápagos",Puerto Ayora,Ecuador,EC,Galapagos,-0.744,-90.313,Santa Cruz|Galapagos
Baltra,"Baltra Island, Galápagos",Baltra,Ecuador,EC,Galapagos,-0.457,-90.266,Seymour Airport|Galapagos
Sydney,"Sydney, Australia",Sydney,Australia,AU,Australia,-33.858,151.209,Circular Quay|White Bay
Brisbane,"Brisbane, Australia",Brisbane,Australia,AU,Australia,-27.38,153.163,Portside|Brisbane International Cruise Terminal
Melbourne,"Melbourne, Australia",Melbourne,Australia,AU,Australia,-37.842,144.928,Station Pier
Adelaide,"Adelaide, Australia",Adelaide,Australia,AU,Australia,-34.84,138.506,Outer Harbor
Fremantle,"Fremantle (Perth), Australia",Fremantle,Australia,AU,Australia,-32.055,115.742,Perth
Hobart,"Hobart, Australia",Hobart,Australia,AU,Australia,-42.882,147.336,Tasmania
Burnie,"Burnie, Australia",Burnie,Australia,AU,Australia,-41.051,145.916,Tasmania
Eden,"Eden, Australia",Eden,Australia,AU,Australia,-37.073,149.905,
Cairns,"Cairns, Australia",Cairns,Australia,AU,Australia,-16.922,145.779,Great Barrier Reef
Airlie Beach,"Airlie Beach, Australia",Airlie Beach,Australia,AU,Australia,-20.267,148.716,Whitsundays
Auckland,"Auckland, New Zealand",Auckland,New Zealand,NZ,New Zealand,-36.842,174.786,
Tauranga,"Tauranga, New Zealand",Tauranga,New Zealand,NZ,New Zealand,-37.661,176.174,Rotorua|Mount Maunganui
Napier,"Napier, New Zealand",Napier,New Zealand,NZ,New Zealand,-39.483,176.917,
Wellington,"Wellington, New Zealand",Wellington,New Zealand,NZ,New Zealand,-41.286,174.785,
Christchurch,"Lyttelton (Christchurch), New Zealand",Lyttelton,New Zealand,NZ,New Zealand,-43.607,172.721,Christchurch|Lyttelton
Dunedin,"Port Chalmers (Dunedin), New Zealand",Port Chalmers,New Zealand,NZ,New Zealand,-45.814,170.619,Dunedin|Port Chalmers
Suva,"Suva, Fiji",Suva,Fiji,FJ,South Pacific,-18.1416,178.4419,
Lautoka,"Lautoka, Fiji",Lautoka,Fiji,FJ,South Pacific,-17.604,177.452,
Port Vila,"Port Vila, Vanuatu",Port Vila,Vanuatu,VU,South Pacific,-17.742,168.313,
Luganville,"Luganville, Vanuatu",Luganville,Vanuatu,VU,South Pacific,-15.512,167.176,Espiritu Santo
Noumea,"Nouméa, New Caledonia",Nouméa,New Caledonia,NC,South Pacific,-22.273,166.44,Noumea
Lifou,"Lifou, New Caledonia",Wé,New Caledonia,NC,South Pacific,-20.916,167.264,Loyalty Islands
Mystery Island,"Mystery Island, Vanuatu",Aneityum,Vanuatu,VU,South Pacific,-20.249,169.771,Aneityum
Papeete,"Papeete, Tahiti",Papeete,French Polynesia,PF,South Pacific,-17.535,-149.569,Tahiti
Moorea,"Moorea, French Polynesia",Papetoai,French Polynesia,PF,South Pacific,-17.49,-149.872,
Bora Bora,"Bora Bora, French Polynesia",Vaitape,French Polynesia,PF,South Pacific,-16.507,-151.751,Vaitape
Singapore,Singapore,Singapore,Singapore,SG,Southeast Asia,1.265,103.82,Marina Bay Cruise Centre
Hong Kong,Hong Kong,Hong Kong,Hong Kong,HK,East Asia,22.293,114.169,Kai Tak|Ocean Terminal
Shanghai,"Shanghai, China",Shanghai,China,CN,East Asia,31.23,121.49,Baoshan|Wusongkou
Tianjin,"Tianjin (Beijing), China",Tianjin,China,CN,East Asia,38.985,117.744,Beijing|Xingang
Keelung,"Keelung (Taipei), Taiwan",Keelung,Taiwan,TW,East Asia,25.137,121.747,Taipei
Kaohsiung,"Kaohsiung, Taiwan",Kaohsiung,Taiwan,TW,East Asia,22.615,120.286,
Tokyo,"Tokyo, Japan",Tokyo,Japan,JP,Japan,35.617,139.795,Tokyo International Cruise Terminal
Yokohama,"Yokohama, Japan",Yokohama,Japan,JP,Japan,35.455,139.638,Tokyo
Kobe,"Kobe, Japan",Kobe,Japan,JP,Japan,34.682,135.19,Osaka|Kyoto
Osaka,"Osaka, Japan",Osaka,Japan,JP,Japan,34.657,135.432,Kyoto
Hiroshima,"Hiroshima, Japan",Hiroshima,Japan,JP,Japan,34.352,132.455,
Nagasaki,"Nagasaki, Japan",Nagasaki,Japan,JP,Japan,32.744,129.872,
Busan,"Busan, South Korea",Busan,South Korea,KR,East Asia,35.1028,129.0403,Pusan|Busan South Korea
Kagoshima,"Kagoshima, Japan",Kagoshima,Japan,JP,Japan,31.5894,130.5611,
Halong Bay,"Hạ Long Bay, Vietnam",Hạ Long,Vietnam,VN,Southeast Asia,20.951,107.07,Halong|Ha Long|Hanoi (Ha Long Bay)|HAN
Da Nang,"Đà Nẵng, Vietnam",Đà Nẵng,Vietnam,VN,Southeast Asia,16.114,108.214,Hue|Hoi An|Danang
Ho Chi Minh City,"Phu My (Ho Chi Minh City), Vietnam",Phu My,Vietnam,VN,Southeast Asia,10.59,107.01,Saigon|Ho Chi Minh City|Phu My
Sihanoukville,"Sihanoukville, Cambodia",Sihanoukville,Cambodia,KH,Southeast Asia,10.625,103.523,
Laem Chabang,"Laem Chabang (Bangkok), Thailand",Laem Chabang,Thailand,TH,Southeast Asia,13.083,100.883,Bangkok
Ko Samui,"Ko Samui, Thailand",Nathon,Thailand,TH,Southeast Asia,9.534,99.936,Koh Samui|Nathon
Phuket,"Phuket, Thailand",Phuket,Thailand,TH,Southeast Asia,7.881,98.392,
Port Klang,"Port Klang (Kuala Lumpur), Malaysia",Port Klang,Malaysia,MY,Southeast Asia,3.0,101.392,Kuala Lumpur|Kelang
Penang,"Penang, Malaysia",George Town,Malaysia,MY,Southeast Asia,5.414,100.342,George Town
Mumbai,"Mumbai, India",Mumbai,India,IN,Indian Ocean,18.947,72.84,Bombay
Cochin,"Kochi, India",Kochi,India,IN,Indian Ocean,9.966,76.267,Cochin
Colombo,"Colombo, Sri Lanka",Colombo,Sri Lanka,LK,Indian Ocean,6.94,79.842,
Male,"Malé, Maldives",Malé,Maldives,MV,Indian Ocean,4.175,73.509,Male
Dubai,"Dubai, United Arab Emirates",Dubai,United Arab Emirates,AE,Middle East,25.274,55.281,Port Rashid
Abu Dhabi,"Abu Dhabi, United Arab Emirates",Abu Dhabi,United Arab Emirates,AE,Middle East,24.521,54.379,
Doha,"Doha, Qatar",Doha,Qatar,QA,Middle East,25.295,51.545,
Muscat,"Muscat, Oman",Muscat,Oman,OM,Middle East,23.62,58.565,Mina Qaboos
Cape Town,"Cape Town, South Africa",Cape Town,South Africa,ZA,Africa,-33.906,18.433,
Durban,"Durban, South Africa",Durban,South Africa,ZA,Africa,-29.868,31.044,
Port Elizabeth,"Gqeberha (Port Elizabeth), South Africa",Gqeberha,South Africa,ZA,Africa,-33.961,25.635,Port Elizabeth
Walvis Bay,"Walvis Bay, Namibia",Walvis Bay,Namibia,NA,Africa,-22.948,14.507,
Nosy Be,"Nosy Be, Madagascar",Hell-Ville,Madagascar,MG,Indian Ocean,-13.404,48.286,Hell-Ville
Cozumel,"Cozumel, Mexico",Cozumel,Mexico,MX,Caribbean,20.508,-86.948,Isla Cozumel|Cozumel Mexico
Roatan,"Roatán (Mahogany Bay), Honduras",Roatán,Honduras,HN,Caribbean,16.329,-86.446,Roatán|Mahogany Bay|Coxen Hole|Roatan Honduras
Belize City,"Belize City, Belize",Belize City,Belize,BZ,Caribbean,17.494,-88.182,Belize|Fort Street Tourism Village|Belize City Belize
Princess Cays,"Princess Cays, Bahamas",Princess Cays,Bahamas,BS,Bahamas,24.577,-76.18,Princess Cay|Princess Cays Bahamas
Half Moon Cay,"Half Moon Cay (Little San Salvador), Bahamas",Half Moon Cay,Bahamas,BS,Bahamas,24.577,-75.74,Little San Salvador|Relaxaway Half Moon Cay|Half Moon Cay Bahamas|Relaxaway|Half Moon Cay
Ocean Cay,"Ocean Cay MSC Marine Reserve, Bahamas",Ocean Cay,Bahamas,BS,Bahamas,25.42,-79.13,Ocean Cay MSC Marine Reserve|Ocean Cay Bahamas
Grand Turk,"Grand Turk, Turks and Caicos",Grand Turk,Turks and Caicos Islands,TC,Caribbean,21.434,-71.137,Cockburn Town|Grand Turk Turks and Caicos
Heraklion,"Heraklion (Crete), Greece",Heraklion,Greece,GR,Eastern Mediterranean,35.343,25.141,Iraklion|Crete|Crete Greece|Heraklion Crete
Kusadasi,"Kuşadası (Ephesus), Turkey",Kuşadası,Turkey,TR,Eastern Mediterranean,37.862,27.256,Kusadasi|Ephesus|Kusadasi Ephesus|Kuşadası
Mykonos,"Mykonos (Tourlos), Greece",Mykonos,Greece,GR,Eastern Mediterranean,37.465,25.324,Tourlos|Mykonos Greece
Piraeus,"Piraeus (Athens), Greece",Piraeus,Greece,GR,Eastern Mediterranean,37.943,23.646,Athens|Athens Piraeus|Athens (Piraeus)|Piraeus Greece
Manta,"Manta, Ecuador",Manta,Ecuador,EC,South America,-0.942,-80.728,Manta Ecuador
Callao,"Callao (Lima), Peru",Callao,Peru,PE,South America,-12.047,-77.143,Lima|Lima Callao|Lima (Callao)|Callao Peru
Pisco,"Pisco (General San Martín), Peru",Pisco,Peru,PE,South America,-13.708,-76.219,General San Martin|General San Martín|Pisco Peru|San Martin
Hanga Roa,"Hanga Roa (Easter Island), Chile",Hanga Roa,Chile,CL,South Pacific,-27.15,-109.432,Easter Island|Rapa Nui|Isla de Pascua|Easter Island Chile
Key West,"Key West, Florida",Key West,United States,US,Caribbean,24.56,-81.807,Key West Florida
Whittier,"Whittier, Alaska",Whittier,United States,US,Alaska,60.774,-148.684,Whittier Alaska
Santorini,"Santorini (Athíniós), Greece",Santorini,Greece,GR,Eastern Mediterranean,36.385,25.429,Thira|Fira|Athinios|Santorini Greece
Istanbul,"Istanbul, Turkey",Istanbul,Turkey,TR,Eastern Mediterranean,41.023,28.985,Constantinople|Istanbul Turkey
Cartagena Colombia,"Cartagena, Colombia",Cartagena,Colombia,CO,South America,10.406,-75.539,Cartagena|Cartagena de Indias|Cartagena Colombia
Rotterdam,"Rotterdam, Netherlands",Rotterdam,Netherlands,NL,Northern Europe,51.9244,4.4777,Rotterdam The Netherlands|Rotterdam Netherlands
San Diego,"San Diego, California",San Diego,United States,US,Pacific Coast,32.7157,-117.1611,San Diego California|San Diego California US
Lisbon,"Lisbon, Portugal",Lisbon,Portugal,PT,Atlantic Europe,38.7223,-9.1393,Lisbon Portugal
Hamburg,"Hamburg, Germany",Hamburg,Germany,DE,Northern Europe,53.5461,9.9661,Hamburg Germany
Jeddah,"Jeddah, Saudi Arabia",Jeddah,Saudi Arabia,SA,Middle East,21.4858,39.1925,Jiddah|Jeddah Saudi Arabia
Manaus,"Manaus, Brazil",Manaus,Brazil,BR,South America,-3.119,-60.0217,Manaus Brazil
Colón,"Colón, Panama",Colón,Panama,PA,Central America,9.359,-79.901,Colon|Colon Panama|Cristobal|Cristóbal|ONX
Panama City,"Panama City, Panama",Panama City,Panama,PA,Central America,8.97,-79.553,Amador|Panama City Amador|Panama City (Amador)|Panama City Panama
Antalya,"Antalya, Turkey",Antalya,Turkey,TR,Eastern Mediterranean,36.8841,30.7056,Antalya Turkey
Safaga,"Safaga, Egypt",Safaga,Egypt,EG,Red Sea,26.749,33.936,Safaga Egypt
Sokhna,"Sokhna (Ain Sokhna), Egypt",Ain Sokhna,Egypt,EG,Red Sea,29.65,32.34,Ain Sokhna|El Sokhna|Sokhna Port|Sokhna Egypt
Great Stirrup Cay,"Great Stirrup Cay, Bahamas",Great Stirrup Cay,Bahamas,BS,Bahamas,25.817,-77.913,NCL Great Stirrup Cay|Great Stirrup Cay Bahamas
Incheon,"Incheon, South Korea",Incheon,South Korea,KR,East Asia,37.456,126.617,Seoul (Incheon)|Seoul (Incheon), South Korea|Incheon Port
San Antonio,"San Antonio, Chile",San Antonio,Chile,CL,South America,-33.595,-71.619,Santiago (San Antonio)|Santiago (San Antonio), Chile|San Antonio Chile
Jacksonville,"Jacksonville, Florida",Jacksonville,United States,US,Caribbean,30.39,-81.54,JAXPORT|Jacksonville Port
Philadelphia,"Philadelphia, Pennsylvania",Philadelphia,United States,US,North America Atlantic,39.93,-75.14,Philadelphia Cruise Terminal|PhilaPort
Dubrovnik,"Dubrovnik, Croatia",Dubrovnik,Croatia,HR,Adriatic,42.6403,18.1083,Dubrovnik Croatia|DBV
Broome,"Broome, Western Australia",Broome,Australia,AU,Australia,-17.9614,122.2359,Broome Western Australia|Broome Australia|BME
Greenwich,"Greenwich (London), England",Greenwich,United Kingdom,GB,Northern Europe,51.4826,0.0077,Greenwich London|Greenwich (London), England, United Kingdom|GRW
Valletta,"Valletta, Malta",Valletta,Malta,MT,Mediterranean,35.899,14.514,Valletta Malta
Eastport,"Eastport, Maine",Eastport,United States,US,Canada New England,44.906,-67.0,Eastport Maine
Motril,"Motril, Spain",Motril,Spain,ES,Mediterranean,36.748,-3.518,Motril Spain
Puerto Plata,"Puerto Plata, Dominican Republic",Puerto Plata,Dominican Republic,DO,Caribbean,19.793,-70.688,Puerto Plata Dominican Republic
Portland Maine,"Portland, Maine",Portland,United States,US,Canada New England,43.659,-70.256,Portland Maine|Portland ME|PWM
Kanazawa,"Kanazawa, Japan",Kanazawa,Japan,JP,Japan,36.561,136.656,Kanazawa Japan
Akita,"Akita, Japan",Akita,Japan,JP,Japan,39.754,140.059,Akita Japan
Hakodate,"Hakodate, Japan",Hakodate,Japan,JP,Japan,41.769,140.729,Hakodate Japan
Shimizu,"Shimizu, Japan",Shimizu,Japan,JP,Japan,35.015,138.489,Mount Fuji (Shimizu)|Mount Fuji (Shimizu), Japan|Shimizu Japan
Harvest Caye,"Harvest Caye, Belize",Harvest Caye,Belize,BZ,Caribbean,16.477,-88.186,NCL Harvest Caye|Harvest Caye Belize
Falmouth Jamaica,"Falmouth, Jamaica",Falmouth,Jamaica,JM,Caribbean,18.493,-77.656,Falmouth Jamaica|Falmouth JA
La Goulette,"La Goulette, Tunisia",La Goulette,Tunisia,TN,Mediterranean,36.818,10.305,La Goulette Tunisia|Tunis cruise port
Samana,"Samana, Dominican Republic",Samana,Dominican Republic,DO,Caribbean,19.205,-69.336,Samana Dominican Republic
Kotor,"Kotor, Montenegro",Kotor,Montenegro,ME,Adriatic,42.424,18.771,Kotor Montenegro
Royal Naval Dockyard,"Royal Naval Dockyard, Bermuda",Sandys,Bermuda,BM,Atlantic Islands,32.329,-64.834,Kings Wharf|King's Wharf|Royal Naval Dockyard Bermuda|WRF
Bar,"Bar, Montenegro",Bar,Montenegro,ME,Adriatic,42.094,19.088,Bar Montenegro|Bar ME Montenegro
Le Havre,"Le Havre, France",Le Havre,France,FR,Northern Europe,49.494,0.108,Paris (Le Havre)|Paris (Le Havre), France|Le Havre France
Zeebrugge,"Zeebrugge, Belgium",Zeebrugge,Belgium,BE,Northern Europe,51.334,3.207,Brussels / Bruges (Zeebrugge)|Brussels / Bruges (Zeebrugge), Belgium|Zeebrugge Belgium
Maloy,"Måløy, Norway",Maloy,Norway,NO,Norwegian Fjords,61.935,5.113,Maloy Norway|MLY
Skjolden,"Skjolden, Norway",Skjolden,Norway,NO,Norwegian Fjords,61.157,7.146,Skjolden Norway
Sakaiminato,"Sakaiminato, Japan",Sakaiminato,Japan,JP,Japan,35.539,133.238,Sakaiminato Japan
Aomori,"Aomori, Japan",Aomori,Japan,JP,Japan,40.822,140.747,Aomori Japan
Nagoya,"Nagoya, Japan",Nagoya,Japan,JP,Japan,35.086,136.881,Nagoya Japan
Sendai,"Sendai, Japan",Sendai,Japan,JP,Japan,38.268,141.022,Sendai (Ishinomaki)|Sendai (Ishinomaki), Japan|Ishinomaki
Maizuru,"Maizuru, Japan",Maizuru,Japan,JP,Japan,35.474,135.386,Maizuru Japan
Kona,"Kona, Hawaii",Kailua-Kona,United States,US,Hawaii,19.64,-155.996,Kona Hawaii|Kailua-Kona|Kailua Kona
Melilla,"Melilla, Spain",Melilla,Spain,ES,Mediterranean,35.292,-2.938,Melillia Spain|Melillia
Stanley,"Stanley, Falkland Islands",Stanley,Falkland Islands,FK,South America,-51.692,-57.859,Stanley Falkland Islands|Port Stanley|PSY
Acapulco,"Acapulco, Mexico",Acapulco,Mexico,MX,Mexican Riviera,16.853,-99.823,Acapulco Mexico|ACA
Puerto Quetzal,"Puerto Quetzal, Guatemala",Puerto Quetzal,Guatemala,GT,Central America,13.933,-90.783,Puerto Quetzal Guatemala|PRQ
Puerto Caldera,"Puerto Caldera, Costa Rica",Puerto Caldera,Costa Rica,CR,Central America,9.952,-84.713,Puntarenas (Puerto Caldera)|Puntarenas|PCL
Horta,"Horta, Azores",Horta,Portugal,PT,Atlantic Islands,38.535,-28.626,Horta Azores|Faial|HOR
Leixoes,"Leixões, Portugal",Leixoes,Portugal,PT,Northern Europe,41.185,-8.698,Oporto|Porto|Lexioes|LXO
Astoria Oregon,"Astoria, Oregon",Astoria Oregon,United States,US,Pacific Coast,46.188,-123.834,Astoria Oregon|Astoria|AST
Bari,"Bari, Italy",Bari,Italy,IT,Adriatic,41.117,16.871,Bari Italy|BRI
Kochi Japan,"Kochi, Japan",Kochi Japan,Japan,JP,Japan,33.559,133.531,Kochi Japan|KCZ
Naha,"Naha, Japan",Naha,Japan,JP,Japan,26.212,127.679,Naha (Okinawa)|Naha Okinawa|NAH
Niigata,"Niigata, Japan",Niigata,Japan,JP,Japan,37.916,139.036,Niigata Japan|NII
Chan May,"Chan May, Vietnam",Chan May,Vietnam,VN,Southeast Asia,16.327,107.741,Chan May Vietnam|CMY
Phillip Island,"Phillip Island, Australia",Phillip Island,Australia,AU,Australia,-38.483,145.238,Phillip Island Australia|ESS
Denarau,"Denarau, Fiji",Denarau,Fiji,FJ,South Pacific,-18.126,177.317,Port Denarau|Denarau Fiji|DEN
Savusavu,"Savusavu, Fiji",Savusavu,Fiji,FJ,South Pacific,-16.782,179.326,Savusavu Fiji|SVU
Dravuni,"Dravuni, Fiji",Dravuni,Fiji,FJ,South Pacific,-18.783,178.533,Dravuni Fiji|DRA
Newport Rhode Island,"Newport, Rhode Island",Newport Rhode Island,United States,US,Canada & New England,41.490,-71.313,Newport Rhode Island|Newport RI|NPO
Bar Harbor,"Bar Harbor, Maine",Bar Harbor,United States,US,Canada & New England,44.388,-68.204,Bar Harbor Maine|BHB
Cabo Rojo,"Cabo Rojo, Dominican Republic",Cabo Rojo,Dominican Republic,DO,Caribbean,17.975,-71.185,Cabo Rojo Dominican Republic|CBR
Ishigaki,"Ishigaki, Japan",Ishigaki,Japan,JP,Japan,24.341,124.156,Ishigaki Japan|ISH
Jeju,"Jeju, South Korea",Jeju,South Korea,KR,Asia,33.500,126.531,Jeju South Korea|JJU
Fukuoka,"Hakata (Fukuoka), Japan",Fukuoka,Japan,JP,Japan,33.590,130.401,Hakata|Hakata Fukuoka|HK1
Matsuyama,"Matsuyama, Japan",Matsuyama,Japan,JP,Japan,33.839,132.766,Matsuyama Japan|MAT
Kangaroo Island,"Kangaroo Island, Australia",Kangaroo Island,Australia,AU,Australia,-35.817,137.417,Kangaroo Island Australia|KAN
Riga,"Riga, Latvia",Riga,Latvia,LV,Baltic,56.950,24.105,Riga Latvia|RIX
Klaipeda,"Klaipeda, Lithuania",Klaipeda,Lithuania,LT,Baltic,55.703,21.144,Klaipeda Lithuania|KLJ
Gdynia,"Gdynia, Poland",Gdynia,Poland,PL,Baltic,54.519,18.531,Gdynia Poland|GDY
Portimao,"Portimão, Portugal",Portimao,Portugal,PT,Europe,37.137,-8.538,Portimao Portugal|PRM
Beppu,"Beppu, Japan",Beppu,Japan,JP,Japan,33.279,131.497,Beppu Japan|BE9
Saguenay,"Saguenay (La Baie), Québec",Saguenay,Canada,CA,Canada & New England,48.336,-70.877,Saguenay La Baie|LBI
Ronne Bornholm,"Ronne, Bornholm, Denmark",Ronne Bornholm,Denmark,DK,Northern Europe,55.100,14.706,Ronne Bornholm|RNN
Rijeka,"Rijeka, Croatia",Rijeka,Croatia,HR,Adriatic,45.327,14.442,Rijeka Croatia|RJK
Vik Norway,"Vik, Norway",Vik Norway,Norway,NO,Northern Europe,61.089,6.594,Vik Norway|VIS
Miyakojima,"Miyakojima (Okinawa), Japan",Miyakojima,Japan,JP,Japan,24.806,125.281,Miyakojima Japan|MIY
Sasebo,"Sasebo, Japan",Sasebo,Japan,JP,Japan,33.160,129.724,Sasebo Japan|SAS
Muara,"Muara, Brunei Darussalam",Muara,Brunei,BN,Southeast Asia,5.027,115.071,Muara Brunei|MUA
Kota Kinabalu,"Kota Kinabalu, Malaysia",Kota Kinabalu,Malaysia,MY,Southeast Asia,5.980,116.073,Kota Kinabalu Malaysia|KKB
Puerto Princesa,"Puerto Princesa, Philippines",Puerto Princesa,Philippines,PH,Southeast Asia,9.739,118.736,Puerto Princesa Philippines|PPS
Coron,"Coron, Philippines",Coron,Philippines,PH,Southeast Asia,12.003,120.205,Coron Philippines|COR
Visby,"Visby, Sweden",Visby,Sweden,SE,Baltic,57.635,18.295,Visby Sweden|VBY
Las Palmas,"Las Palmas, Canary Islands",Las Palmas,Spain,ES,Canary Islands,28.124,-15.430,Las Palmas Canary Islands|LPA
Split,"Split, Croatia",Split,Croatia,HR,Adriatic,43.508,16.440,Split Croatia|SPU
Santa Cruz de Tenerife,"Santa Cruz de Tenerife, Canary Islands",Santa Cruz de Tenerife,Spain,ES,Canary Islands,28.463,-16.251,Santa Cruz Tenerife|SCT
Porto Grande,"Porto Grande, Cape Verde",Porto Grande,Cape Verde,CV,Atlantic Islands,16.890,-25.000,Porto Grande Cape Verde|Mindelo|PTG
Gothenburg,"Gothenburg, Sweden",Gothenburg,Sweden,SE,Baltic,57.709,11.974,Gothenburg Sweden|GOT
Bilbao,"Bilbao, Spain",Bilbao,Spain,ES,Europe,43.263,-2.935,Bilbao Spain|BBO
Le Verdon,"Bordeaux (Le Verdon), France",Le Verdon,France,FR,Europe,45.544,-1.064,Le Verdon Bordeaux|LVN
Arrecife,"Arrecife (Lanzarote), Canary Islands",Arrecife,Spain,ES,Canary Islands,28.963,-13.547,Arrecife Lanzarote|ACE
La Coruna,"La Coruña, Spain",La Coruna,Spain,ES,Europe,43.362,-8.411,La Coruna Spain|LCG
Grundarfjordur,"Grundarfjordur, Iceland",Grundarfjordur,Iceland,IS,Northern Europe,64.924,-23.263,Grundarfjordur Iceland|GRU
Shimonoseki,"Shimonoseki, Japan",Shimonoseki,Japan,JP,Japan,33.957,130.941,Shimonoseki Japan|SHI
Santa Cruz de la Palma,"Santa Cruz de la Palma, Spain",Santa Cruz de la Palma,Spain,ES,Canary Islands,28.683,-17.764,Santa Cruz la Palma|SCP
Gijon,"Gijón, Spain",Gijon,Spain,ES,Europe,43.545,-5.661,Gijon Spain|GIJ
La Rochelle,"La Rochelle, France",La Rochelle,France,FR,Europe,46.160,-1.151,La Rochelle France|LRH
Puerto del Rosario,"Puerto del Rosario (Canary Islands), Spain",Puerto del Rosario,Spain,ES,Canary Islands,28.499,-13.862,Puerto del Rosario Fuerteventura|PDR
Takamatsu,"Takamatsu, Japan",Takamatsu,Japan,JP,Japan,34.342,134.043,Takamatsu Japan|TKS
